claim_id,claim_text,split
499,Vaccination must be made compulsory,dev
167,Male infant circumcision is tantamount to child abuse,train
943,School Day Should Be Extended,test
944,punishment should fit the criminal,train
621,A government has the obligation to lessen the economic gap between its rich and poor citizens,train
873,We Should Question Authorities,train
660,China should be allowed more control over its own seas,train
299,Islamic State/Daesh is the most significant threat to the west,train
629,All patents should be removed on anti-retroviral drugs to fight AIDS,dev
513,Raise The School Leaving Age To 18,test
825,All countries should have the right to pursue a nuclear defence,train
366,We should allow death penalty for the worst of the worst criminals,train
777,Sunbeds should be banned,train
334,The prevalence of ‘African mercenaries’ is decreasing,train
222,We must use Unmanned Aerial Vehicles to strike terrorist targets,train
176,Make all museums free of charge,test
894,"Mind Sports Such as Chess, Quizzing and Debating Should Be Olympic Sports",dev
163,The right to anonymous posting on the internet should be protected by law,train
710,Sports initiations should be banned,test
128,Chess must be at the Olympics,test
843,There should be no permanent members of the UN Security Council,train
636,Persistent Bullies Should be Expelled,dev
311,Everyone should go vegetarian,dev
470,A ‘wall’ on the shared USA and Mexico border would be ineffective,train
711,Britain should scrap the monarchy,train
103,Housewives should be paid for their work,train
973,Individuals should be able to legally bypass copyright protection technologies for fair use reasons.,train
314,Remove Bush tax cuts for the wealthy,train
526,‘The Spear’ should have remained on public display.,test
785,Neil Armstrong did actually walk on the Moon,train
288,Federal States are better than unitary nations,test
35,Cannabis should be legalised,train
771,High taxes are necessary for an effective state,dev
701,The Catholic Church needs reform,test
628,We should build new nuclear power plants,dev
91,Israel should recognise the Palestinian right of return,train
435,Britain should give up its EU rebate,train
406,The integration of Africa through the African Union can succeed,train
656,Positive Discrimination Towards Women in Society Is Justified,test
578, College education is worth it,test
704,Accessing your spouse’s email account hacking,dev
886,Taxes on smoothies and fruit juices should be reduced,train
255,Socialism is Dead,test
23,It is crucial to explore the universe,dev
30,The International Criminal Court is a force for good,train
839,Governments Should Pay Compensation For Terrorist Atrocities Carried Out By Their Citizens,test
286,Voting should become compulsory,dev
780,Speed limits should be reduced,train
469,Ban junk food from schools,dev
326,Throw Russia out of the G8,train
393,Arming the police is a good idea,train
666,Science can determine human values,dev
88,Arranged marriages in EU countries should be banned.,train
936,There is life after death,test
591,The drinking age should be lowered from 21 to a younger age,dev
592,College football should replace the bowl championship series (BCS),test
993,All drugs should be decriminalised,test
974,Pensions should be privatised,test
145,Parents have to be allowed to monitor their children's online and mobile communications,train
731,The national curriculum should be scrapped,dev
134,You have nothing to worry about surveillance if you have done nothing wrong,test
546,Institute a mandatory retirement age,train
604,Police body cameras should be allowed,train
61,We should restrict violent video games,train
519,The use of animals as objects of sport and entertainment should be banned.,test
20,All nations should ban bullfighting,train
880,Christmas is a scam,train
632,The Falklands should be given back to Argentina,train
768,Increased taxes are good for America,train
792,Teachers Should Have The Right To Punish Pupils Physically If The Parents Consent,train
355,Treat the desecration and destruction of high-value sites and property of cultural heritage as a crime against humanity,train
191,Teachers must be banned from interacting with students via social networking websites.,dev
802,Developed Countries Should Accept More Refugees,train
968,"In Parliamentary Democracies, A Change Of Prime Minister Should Automatically Trigger A General Election.",test
252,We must hold all U.S. presidential primaries on the same day,train
664,We should allow military recruiting in schools,dev
773,Make-up is bad for us,dev
327,It is a good idea to lease Crimea to Russia,train
662,Children should be allowed to have facebook accounts,train
248,We must support the use of truth and reconciliation commissions,test
234,Puerto Rico should seek American statehood,test
189,It is crucial to support the development of a missile defence system,train
121,South Africa should host an Olympics,train
996,There is a good case for stating that there is a God,test
379,It is fine to do random drug-testing in schools,dev
818,The law on self defence should cover ‘grossly disproportionate’ actions,test
480,Tunisia should not rely on tourism for economic growth,train
184,Animal testing should be banned.,test
21,Instant Replay Should Be Used in Major League Baseball,test
952,Online Shopping Is Better Than Offline Shopping,dev
333,Put taxes/revenue from oil into a trust fund independent of politicians influence,train
552,We should encourage building the Hyperloop,train
527,Tennessee is correct to protect teachers who wish to explore the merits of creationism,dev
560,We should make education compulsory to degree level,dev
322,We must have weapons inspectors leave Syria,train
962,Antarctica Should Be Opened Up For Resource Exploitation,test
292,The world has to ignore North Korean provocations,train
474,The Seychelles should buy territory and relocate due to climate change,train
75,Affirmative action is necessary,train
307,Kill One to Save Many,test
842,Prostitution Should Be Legal,dev
175,It is fine to kill one to save many,test
598,School vouchers should be encouraged,dev
965,Polygamous Marriage Should Be Recognised,train
707,Man made climate change is a myth,dev
143,Actively circumventing Internet censorship is a legitimate foreign policy tool,train
958,Language does control thought,train
186,We must colonize moon,train
392,Attorney-client privilege should be abolished,test
616,Companies should provide alternative interview methods,test
797,Fast Food Advertising Should Be Banned,train
413,Africa is really rising,test
796,Lack of Parental Guidance Is Mainly Responsible for Children Being Violent and Aggressive in School,train
396,Sanctions should be used to promote democracy,test
18,Goal line technology has to be adopted in football,dev
428,We should expand NATO,train
400,The world should re-engage with Myanmar,train
784,Those affected by climate change should get compensation,test
584,Tablets should replace textbooks in K-12 schools,train
457,Provide breakfast for all school students,dev
166,We have to consider a large scale cyber attack an act of war,dev
108,The age of consent laws should be lowered,train
303,It is a good idea to have a system of  participatory democracy,test
130,Subsidise the translation of academic work in the languages of developing countries,train
906,Technological advancement promotes materialistic society,dev
378,A legal qualification is worth the cost,train
414,Create an international treaty/ban on cyber-attacks,train
214,We have to employ mercenaries,test
466,Receiving multiple vaccines are safe,train
69,Western democracies should openly try to circumvent Internet censorship in oppressive regimes,train
83,Gender quotas in the EU are advantageous for the economies of member states,dev
38,The leaking of military documents by Anat Kamm was justified,train
875,Ten Commandments:  Display in Schools,train
755,Celebrities who commit drug-related offences should be punished more harshly than non-celebrities.,train
195,Intellectual property rights have to be abolished,train
41,Corporations’ Use of IP Laws in Relation to Event Sponsorship Poses a Threat to Freedom of Expression,train
547,Abolish collective bargaining rights for unions,train
68,Transparency is necessary for security,test
192,governments should choose open source software in order to encourage its use,dev
17,There should be a presumption in favour of publication for information held by public bodies,dev
803,There is a world Water crisis,train
483,Nollywood could be an effective instrument to change perceptions of Africa,test
663,Animals should be kept in zoos,test
930,Climate Change is the end of the world,train
597,Student loan debt should be easier to discharge in bankruptcy,test
741,PHILOSOPHY – Utilitarianism isn’t as fair as it initially seems,test
402,Europe should be federal,test
487,A permanent UNSC seat with veto power must be reserved to an African country,train
394,Place Cameras in Courtrooms to Televise Court Cases,train
814,People should be allowed to do what they want to their own bodies,train
298,A move to the left is good for Labour,train
626,1-child policy for every single country in the world!,train
957,Paparazzi and press intrude too much into celebrities lives,test
686,Parents should have the right to do background checks on those looking after their children,test
945,Privacy Online is Important,test
443,Grant the EU a permanent seat on the UN Security Council,train
241,University education should be free,train
504,Encourage fewer people to go to university,test
852,Governments should ban the media from reporting hostage-taking,test
714,Liberal democracies are better at providing people’s needs than non-democracies.,train
125,Boycott the Euro 2012 in Ukraine unless Yulia Timoshenko is released from prison,train
717,The US and its allies were justified in taking military action against Iraq following Iraq’s invasion of Kuwait,train
421,News organisations should be free to exclude news of homosexuality where it causes offence to their viewers,dev
635,Should Turkey Be Accepted In The EU,train
312,Governments should introduce a flat tax,train
285,We must enforce term limits on the legislative branch of government,test
738,The EU should significantly reduce the amount it spends on agricultural production subsidies,train
283,We can trust Republicans with the economy,train
659,Less time outdoors is severely detrimental to the physical and emotional wellbeing of children,dev
397,Abolish the security council veto,test
734,All our actions are determined in some way,test
698,A celebrity would make a good minister,test
506,Homework is a waste of time,train
383,Beauty contests should be banned,train
218,Government must be Big and Beefy,test
279,Terrorism can be justified,test
795,Junk Food Should Be Banned,train
411,The African Union should create a standing army,train
888,We should make new years resolutions,test
512,People should have a right to private education,test
410,Build the Grand Inga Dam,train
318,The right to trial can be limited by jury in some criminal cases,train
509,Fund education using a voucher scheme,dev
798,Using Rewards to Motivate Students,train
942,Children should do part time and summer work,dev
236,Abolish the Superdelegate System for Democratic Party Conventions,test
257,The republican party has lost its way,test
162,Wire-tapped and ‘intercepted’ evidence must be allowed as admissible in court,train
763,Most people are a little bit gay,train
95,Anti-Social Behaviour Orders (UK) must be scraped,train
879,Governments should spend their way out of the recession,train
188,We must grant those diagnosed with terminal illnesses the right to access treatments that have not completed clinical testing,train
19,permit the use of performance enhancing drugs in professional sports,test
129,Allow women to compete in the same leagues as men,train
387,The Guantanamo Bay detention centre should be closed,train
948,social networking sites should be banned at the workplaces,dev
740,Joe Calzaghe deserves to be recognized as one of the greatest boxers of all time,train
221,Handguns must be banned in Washington D.C.,test
531,The imprisoned members of Pussy Riot should be considered political prisoners,train
215,We should use torture to obtain information from suspected terrorists,train
196,The development of genetically modified organisms have to be banned,train
5,Rupert Murdoch is not a fit person to run an international media corporation,test
367,Government should be required to obtain warrants to access data that can be used to track an individual,train
29,Capitalism is better than socialism,train
229,It is worth voting,test
317,Civil liberties should be sacrificed for the greater good,test
607,Fighting should be allowed in hockey.,test
935,It is good to gossip,train
80,The Republika Srpska must be allowed to secede from Bosnia & Herzegovina,train
860,Creationism should be discussed in school science lessons,train
885,Post Office Should Be Privatized,train
212,All nations have a right to nuclear weapons,train
871,Boys should go to boys only schools,test
430,We believe in world government,train
426,The United Nations has failed,train
970,Adolf Hitler Does Not Deserve His Reputation as Evil,train
7,Animals have rights.,test
553,Subsidize poor communities,train
338,The best way to protect Scottish interests in the EU is to vote for independence,train
354,Disclose previous convictions in court,train
827,ID cards and the National Identity Register should be scrapped,train
219,Turkey should be let join the European Union,train
361,The ICC is biased against Africa,train
240,"The EU, USA and other western donors should not fund any Palestinian government in which terrorist organisations participate",train
541,Christians should be allowed to wear the Cross at work,train
193,The Internet must be censored,test
268,USA must sign the Ottawa Convention banning landmines,train
232,We support the New START Treaty,test
856,Basic income tax should be abolished,train
254,"The US intervention in Libya, lacking congressional approval, was illegal",train
500,Introduce year round schooling,dev
864,HIV/AIDS: There Should Be Compulsory Testing and Labeling of People with HIV,dev
756,Global Warming is not an issue,train
748,The use of mobile phones has lowered active social life and has become an addiction,train
356,Military action to intervene during atrocities without United Nations Security Council approval can be legal,train
884,Rain Man is such a bad image of autism,dev
380,The European Union should lift its ban on member states selling arms to China,train
405,The Palestinian Statehood should be recognised by the United Nations General Assembly,train
493,Store nuclear waste underground,dev
593,The United States should maintain its embargo against Cuba,train
850,Christianity is the greatest deception of today,test
89,The Reproductive Health Bill will undermine families and values,dev
868,Democracy Is the Best Form of Government,test
304,People should have the right to die,train
925,The EU should impose a special Europe-wide tax on meat consumption to help save the planet,train
43,Religious freedom abroad should be one of the primary foreign policy concerns for any country,train
614,The money we spend on our Olympic medal count is money well spent,train
132,Force think tanks to reveal all of their sources of funding,test
375,Fines should be made relative to income,test
630,University education needs to be capped and more selective,dev
807,The iPhone is better than the Blackberry,dev
823,The UN should impose sanctions on countries that destroy their rainforests,test
207,Poverty is the most important security issue facing Africa,train
540,Blasphemy has no place on the statute books,train
726,Discipline In Schools Needs To Be Improved,dev
441,The United States is a ‘benign’ hegemon,test
516,Build a third Heathrow runway to maintain its position as a hub airport,train
330,Eritrea is responsible for its isolation,test
447,The UN intervention in the Democratic Republic of Congo has been a success,train
634,The voting age should be lowered to 16,train
822,Reheat tea in the microwave,test
99,The sale of children’s toys as part of fast food meals must be prohobited.,train
947,Teachers should get merit pay,dev
138,During riots it might make sense to block access to social messaging networks,train
872,Parents should introduce children to alcohol (in moderation) at an early age,dev
67,The full financial history of all candidates for political office must be posted online,test
555,The American Jobs Act should pass,train
997,Pre-nuptial agreements should not be recognised in divorce courts,test
658,Hacking Can Be Justified,train
190,Downloading music without permission is morally equivalent to theft,test
562,Violent Video Games Contribute to Youth Violence,test
829,Governments Should Actively Promote Multiculturalism,train
609,The United States should keep daylight saving time.,dev
391,We should believe in corporal punishment for adult offenders,train
1003,Religions Should Not Qualify as Charities,train
847,Smoking should be banned in public places,test
651,We should abolish speed cameras,test
50,We must bring back corporal punishment,test
971,The US should immediately close Guantanamo Bay.,train
216,We should limit the right to bear arms,train
343,We must limit anonymous contributions from corporations and individuals to super PACs,dev
909,Scotland should cede from the union.,test
346,US must get rid of the double jeopardy rule,test
37,Music containing lyrics that glorify violent and criminal lifestyles should be banned,train
249,We must ban negative advertising in political campaigns,test
169,The niqab and other face coverings in schools must be banned,train
963,Humans should eat meat,test
689,The world should go vegan,train
908,Governments of resource-rich nations should impose high taxes on mining and extraction,train
310,We must all believe in fundamental human rights,train
980,The environment is being sacrificed for the economy,test
123,Restrictions must be imposed on overseas players in football,train
497,School uniforms must be banned,dev
151,Targeted online advertising on the basis of user profiles and demographics must be banned,test
657,Gorbachev Was Responsible for The Collapse Of The USSR,test
49,History has no place in the classroom,dev
515,Homework should be banned.,dev
70,Major league baseball should continue to allow collisions at home plate,test
934,The internet’s anonymity is beneficial,test
508,Provision of higher education must be funded by taxing graduates,dev
589,More gun control laws should be enacted,train
811,Individuals have a moral obligation to assist people in need,test
841,Violent video games cause violent crime,train
182,We have to produce high quality generic drugs for Africa,train
668,Historical Artefacts Should Be Repatriated to Their Country of Origin,train
933,History as a subject in school is needed,test
878,Newspapers Are a Thing of the Past,train
82,Developing nations should place restrictions on rural-urban migration,train
431,Jerusalem should be divided,test
225,Should the United States increase the foreign aid budget?,train
585,Social networking sites are good for our society,train
641,School Uniforms Should Be Mandatory,dev
345,We must have a criminal DNA database,train
62,Advertising is harmful,train
461,Alternative medicine poses a threat to public health,dev
524,Endangered species should be protected,train
563,Golf is a Sport,test
568,Gay marriage should be legal,train
544,Pay state school teachers based on merit,dev
988,Roger Federer Is Not the Greatest Tennis Player of All Time,test
647,We should be investing in public transport,train
116,Parents should be able to choose the sex of their children,dev
979,The UN should be reformed or replaced,train
496,Adaptation should be the most urgent response to Climate Change,dev
608,The United States should use the electoral college in presidential elections.,dev
746,Parents of obese children be prosecuted with neglect,train
757,Personality is more important than ability,train
747,Romeo and Juliet do promote knife crime,train
144,Targeted sanctions have to be used to respond to cyber-attacks,train
690,Capitalism is creating an expanding gap between the rich and the poor,train
691,Maths should be a compulsory subject at GCSE,dev
77,The people's republic of China should abandon the one-child policy,train
64, Aboriginal culture must be protected,test
325,Russia has the right to send troops into Crimea,train
786,Music That Glorifies Crime Should Be Banned,test
110,Marriage is an outdated institution,train
321,UK should have a second Brexit referendum before leaving the EU,train
571,Teachers should get tenure,train
250,We should encourage increased use of referendums,train
491,A nation's history and mythology is part of its national security,train
407,We should give cash to the poor to reduce poverty,train
1006,We Should Have a Quota for Women on Corporate Boards,train
833,Eliminate All Nuclear Weapons,train
437,The European Union should adopt a single working language through which to operate.,train
127,"Force the media to display, promote and report women’s sport equally to men’s sport.",train
929,We should be free to express our religion as we wish,train
1002,Dictatorship Is the Best Path to Development,train
985,Job applicants should have to disclose their spent criminal convictions,train
521,Wind power should be a primary focus of future energy supply.,train
810,Social Media should be part of the curriculum,train
753,We should show more compassion to drug addicts,dev
854,Physical Education In Schools Should Be Compulsory,dev
24,Gay couples should be allowed to marry,dev
882,Money undermines sport’s values,test
247,Abolish all collective bargaining rights claimed by trades unions,train
462,There must be a system of universal healthcare,dev
602,Bottled water should be banned,train
672,Books should have content warnings,train
536,Penalise religious hate speech,train
694,It is time to stop buying bottled water,dev
813,Britain should become a republic,train
789,Forced marriage should be banned,train
684,America should have universal healthcare,dev
477,Widen the East African Community,train
678,Terrorists should be subject to the Geneva Conventions,train
149,We have to cut the length of copyright protection,train
627,It is morally permissible for victims to use deadly force as a deliberate response to repeated domestic violence,train
458,Airbrushing of women’s bodies in the media be banned,dev
164,There must be a ban the sale of 3D printers to households,train
939,Cramming before exams is a bad idea,test
561,Compensation should be paid for those who have had their culture appropriated,test
140,State funding to universities have to be conditioned upon all academic work being made available to the general public,train
709,Everyone Should Automatically Be Opted into an Organ Donation Scheme,train
45,It makes sense to drive to an out of town to a shopping centre,train
72,Professional sportsmen must be required to represent their countries at the international level,train
115,Hate speech on campus has to censored,train
769,Healthy eating should be made mandatory,train
956,Gender Equality is Treating Men and Women in the Same Way,train
901,Catcher in the Rye is a bad book,train
643,Wikileaks is not and has never been a non-profit organization,test
357,Create an African Criminal Court,train
721,Only buildings that are historically important should be preserved,dev
679,Mixed Martial Arts (UFC) is a form of human cockfighting,test
522,Store nuclear waste underground,test
596,We should support universal basic income,train
287,Self-determination of peoples is a human right,train
492,The expenditure of money should be protected as speech,test
615,Google is the extremely reliable source of information,dev
539,We believe in the right to reply,train
1005,Drones Should Be Used to Take Out Enemy Combatants,test
209,Legal empowerment is provided for women through land titling,train
432,Offshoring is a good idea,test
197,Evolution has Disproved Creationism,test
722,Tuition Fees Should Be Increased,dev
486,African borders must be redefined to reflect ethnic groups,train
90,Human Cloning has to be banned,train
358,"Guinea-Bissau should not let itself be turned in to a front of the US’ ""war on drugs""",train
1,The use of child performers should be banned,train
362,The Uhuru Kenyatta indictment was an unwelcome interference by the ICC,test
117,It should be allowed to patent genes,train
801,Reality TV shows are an important part of popular culture today.,train
759,Football does unify us,dev
653,Mossad should carry out extrajudicial killings,test
572,Prescription drugs should be advertised directly to consumers,dev
743,National service should be re-introduced,test
652,16 year olds should be able to vote at presidental elections,train
102,You should never have children,test
65,Sexist advertising must be banned,train
27,Anarchism is a valuable political ideology,test
700,Voting should be compulsory in the UK,test
259,The United States’ individual health insurance mandate is unconstitutional,train
87,Women should be allowed to take part in combat,dev
637,Strict parenting works best,dev
676,Public high school students in the United States ought not be required to pass standardized exit exams to graduate,dev
385,The Schengen Agreement must be dissolved,test
39,Users of extremist websites should be punished,test
160,We have to teach creationism in schools,dev
302,It is sometimes right for the government to restrict freedom of speech,train
606,Refusing to stand for the National Anthem is an appropriate form of protest.,train
467,Alcohol should be banned.,test
861,Religion In Itself Is A Purely Positive Force In The World,train
267,The U.S. Should Ban The Use of Cluster Bombs,train
81,The feminist movement should seek a ban on pornography,train
485,Africans are worse off due to natural resources,train
897,Children should not be allowed to inherit vast wealth as this damages them and society,test
767,The People’s Republic of China should invade North Korea,test
857,The UK Should Leave the European Union,test
576,The federal minimum wage should be increased,train
545,Prioritize eliminating the budget deficit over increasing domestic spending,train
575,Obesity is a disease,dev
514,Make sex education mandatory in schools,dev
47,Performing tests on animals must be banned,dev
931,Aid Should Be Tied To Human Rights,train
649,Same sex relationships should have the same legal status as heterosexual relationships under EU law,train
168,Keep the Sabbath as a Day of Rest,test
208,Civil society should be granted a wider participation in Africa’s political life,test
739,Sikh school pupils should be allowed to carry ceremonial daggers,train
275,Israel's 2008-2009 military operations against Gaza were justified,train
359,Send Yanukovych to The Hague,test
58,Cultural property residing in museums must be returned to its place of origin,train
605,Hosting the Olympic Games is beneficial,train
419,Stop sending development aid to India,train
237,Quebec should secede from Canada,train
696,The civil procedure rules allow for a ‘fair trial’,train
725,The United States was correct in going to war against North Korea in support of their territory of South Korea.,train
4,It should be allowed to have military recruitment in schools,test
772,Corporations are a threat to Democracy and society.,dev
33,Smokers should be denied access to state healthcare,train
136,You should join Facebook,train
912,Deregulation and tax cuts should be embraced to lead the world out of economic crisis.,train
114,Parents should be allowed to genetically screen foetuses for heritable diseases,test
788,Taking food thrown out by supermarkets should not be illegal,train
86,Teachers should be armed,dev
258,Abolish the monarchy.,train
203,Cut aid to African states that criminalise homosexuality,train
450,Ghana’s ban on smoking in public places is a model for Africa,train
452,Deny Organs to Non-Donors,test
911,Patents on life-saving drugs should be bypassed,dev
960,Space Exploration Is a Waste of Money,dev
550,The UK would be better off economically outside the European Union,train
161,Domestic intelligence agencies have a legitimate role to play in democracy,test
625,Affirmative Action in South Africa does more harm than good,train
363,Prosecutions help the healing process,train
982,New prisons need to be built to ease overcrowding,train
611,Parents or other adults should be able to ban books from schools and libraries.,train
736,The grammar school system should be reintroduced in the UK,dev
782,Representative Democracy Is a Better Form of Government Than Direct Democracy,train
78,That Zero Tolerance Policing is a Good Tactic for Fighting Crime,train
488,Legalize sex work in order to make controls more feasible and effective to combat HIV/AIDS,train
917,Prisoners Should Be Used For Medical Experiments Without Consent,test
455,Labels on food must be mandated to encourage people to eat better,test
74,Force has to be used to protect human rights abroad,train
398,Long term cooperation between Russia and the United States is possible.,train
661,The breeding of white tigers in captivity should be banned,train
922,Macs are better than PCs,test
339,Turkey is not a democracy,test
804,Competition in the long run is healthy rather than harmful for the community: GRE issue,train
760,Adding artificial happy endings to a story completely ruins it,test
783,Hosting the world cup is beneficial,train
448,Men are the key to family planning in Uganda,test
821,German unification has been a success,train
93,Prostitution has to be legalised,train
177,Remove the requirement for Catholic Priests to take a vow of celibacy,test
699,Children should be banned from watching shows that contain violence and other adult contents,train
243,The UN should recognize a Palestinian state,train
390,The Tibet should be an independent state,train
14,Governments be allowed to disrupt Internet service on grounds of national security.,train
791,The media’s selective coverage of certain issues works to worsen problems in society and create problems,train
199,It is necessary to offer increased aid to developing world countries that encourage and accept large influxes of immigrants,test
574,All Americans should have the right (be entitled) to health care,train
201,Cyberbullies must be punished with prison even if under 18,train
535,Protect braille out of respect for free speech,train
335,We must negotiate with terrorists,train
542,University education should be free,dev
587,Recreational marijuana should be legal,train
650,The Spread of Nuclear Weapons: More may be better,train
433,It is a good idea to build the Keystone XL pipeline,train
154,Do not allow companies to collect/sell the personal data of their clients,test
523,Invest in Renewable Technologies rather than Nuclear Power,train
601,Homework is beneficial,test
920,"Financial Assistance for the Poor Should Be the Responsibility of Charities, Not Government",test
976,Corporal Punishment Should Be Reintroduced,train
46,Nuclear technology must be adopted,train
851,Resources have a negative influence on foreign policy in the Middle East,train
693,Aid is killing Africa,train
612,There Should be a Minimum Weight Limit For Professional Models,train
558,There must be a progressive tax rate,train
502,Degrees in the creative arts are luxuries society can no longer afford,dev
6,Smoking should further be restricted,train
142,"Universities should make all academic work they produce, including scholarly articles, course handbooks and recorded lectures, available to the general public",dev
148,We have to offer amnesty to bloggers currently prosecuted by their native states,train
309,Neo-functionalism explains the integration of the European Union,train
59,Wikipedia is a force for good,train
360,The ICC is not an effective deterrent,test
927,Homework should have a limit,dev
22,The music that glorifies violence against women should be banned,test
205,African cities need to invest more in housing to replace slums,test
9,There must be a child curfews,dev
680,Socialism is a failed government subdomain,train
819,Gender equality will not happen anytime soon,train
673,Mexican culture was incurably damaged by the introduction of Christianity,test
907,Barbie Dolls are affecting the mental image we create for ourselves,train
580,Adults should have the right to carry a concealed handgun,train
484,African governments must implement tougher protections for animals,train
551,Make the raising of business and labour standards a prerequisite for developmental aid,train
305,Allow donations of vital organs even at the expense of the donor's life,train
549,EU member states should guarantee people under 25 a temporary workplace when they have been unemployed for six months,train
582,"Churches should (defined as churches, temples, mosques, synagogues, etc.) remain tax-exempt",test
463,Ban the use of trans fats in food stuffs,dev
295,US must help in fighting terrorist organisations in Africa,train
147,politicians have no right to privacy,train
320,Leaving the EU would increase British security,train
436,Switzerland and Norway should apply to join the EU,train
834,Constitutions Should Not Give Special Recognition To Minority Groups,train
262,There must be compulsory identity cards,train
8,Proportional representation is necessary.,train
594,Human activity is primarily responsible for global climate change,train
853,Terrorism should not be allowed publicity,train
688,Any job is better than no job,train
865,India should give up Kashmir,train
599,The penny should stay in circulation,test
374,Media reporting on violent crimes should be restricted,dev
420,The world must arm the Syrian rebels,train
557,Act to regulate the activities of Sovereign Wealth Funds,train
291,We should detain terror suspects without trial,train
870,CCTV is a threat to freedom,test
476,Sao Tome would drop relations with Taiwan in favour of Mainland China,train
412,Ethiopia is right to build a dam on the River Nile,train
964,Workers in the Transport Sectors Should Be Banned From Going On Strike,test
344,Governments should lower the voting age to 16,train
705,Animals have a right to privacy,dev
369,"Criminal trials should not be televised, and the ICC is no exception",train
12,It is important to use foreign aid funds to research and distribute software that allows bloggers and journalists in non-democratic countries to evade censorship and conceal their online activities.,train
520,Build hydroelectric dams,train
256,The use of atomic bombs against Hiroshima and Nagasaki was justified,test
910,Euthanasia or mercy killing is justified,dev
776,We should give money to beggars,dev
26,Atheism is the only way,train
961,Oil Companies Should Not Be Allowed To Drill Offshore,test
511,Make lessons in a foreign language compulsory for school pupils,dev
323,African leaders should be transparent about their health,train
924,We should dramatically increase the rate of income tax paid by the rich,train
297,Lesotho should be annexed by South Africa,train
559,"Allow retailers to import for resale ""grey"" goods from abroad.",train
365,African states should withdraw from the ICC,train
859,Smoking should be made Illegal,train
730,Rail travel is the best mode of transport for the future,dev
200,The Gulf States should take in more Syrian refugees,train
891,Police Service Should Be Armed (UK),train
84,Governments should prioritise spending money on youth,train
271,Open primaries are the most effective method of selecting candidates for elections,test
399,NATO countries and the government of Afghanistan should negotiate a power-sharing deal with the Taliban,test
122,Gabon hosting the Africa Cup of Nations was a good thing,test
745,Religion is not necessary,dev
648,Power only has two dimensions,test
408,Take a visit the Yasukuni Shrine,test
838,Prostitution should be legalised to protect sex workers from HIV/AIDS,dev
921,Animal testing for medical research should be allowed.,dev
427,Former colonial powers should pay reparations to former colonies,train
56,We should force feed sufferers of Anorexia Nervosa,train
296,The Western intervention in Libya has been a success,train
862,Free press is vital in democracy,train
677,Prescription drugs are overpriced,train
816,We have lost the true meaning of Christmas,train
51,Hosting the Olympics is a good investment,train
53,Gambling must be banned,test
537,Allow celebrities to switch off the limelight,train
416,The EU should abandon the Common Agricultural Policy,train
220,Faith schools must be banned,test
638,Should the Cell Phones Be Allowed in Schools,dev
377,Social deprivation causes crime,train
624,The health benefits of genetically modified foods outweigh their risks,train
301,We must believe in the woman's right to choose,train
543,Prohibit retailers from selling certain items at a loss as a marketing device.,train
989,Home Schooling Should Be Banned,train
180,Traditional university has to be replaced by online learning,dev
171,Religious symbols in public buildings must be banned,test
131,Any work that is not released under a creative commons license shouldn't be funded,test
613,Commercialization of Festivals and Holidays Has Eroded Their Real Significance,train
766,People should be allowed to sell their own organs,train
682,Inheritance tax should be raised to 100% for everyone born in the UK,test
781,It is wrong to tolerate unjust laws,train
112,Feminism Is Still Needed,dev
423,The EU should engage in further enlargement,test
382,We should legalise the growing of coca leaf,train
525,Community radio is good for democracy,dev
48,Private universities in the UK must be encouraged,test
1001,Rich countries should actively recruit medical personnel from poorer countries,train
442,The United Nations budget must be frozen,train
388,Sadomasochism must be decriminalized,test
556,Create a National High Speed Rail System in the U.S.,train
794,Sports Have Became More About Making Money Than Playing Well,test
913,Anti-Bribery Laws On Corporations Should Be Abolished,train
623,Public Transport Should Be Free,train
817,Electronic tags are a good idea,dev
916,"Unemployment benefit should be paid in the form of vouchers for food, shelter and the basics of life",train
564,The United States should continue Its use of drone strikes abroad,train
969,An international ban should be placed on the export of nuclear reactor technology,test
534,The decision of the state of Bavaria to publish Mein Kampf,train
579,Animals should be used for scientific or commercial testing,dev
294,Have no elections rather than sham elections,test
395,The United Nations has a responsibility to protect.,train
758,World War III is inevitable,train
762,We should ban the muslim veil,train
351,Fund needle exchanges,train
754,Working from home is better for companies than maintaining an office,train
478,Spain should cede Ceuta and Melilla to Morocco,train
724,The EU should return power to national governments,train
951,Polls are accurate predictors of election results,test
532,Limit the free speech rights of corporations that are granted legal personhood,train
959,There Is a Mathematical Miracle in the Quran That Proves It Is the Word of God,test
235,We should directly elect city mayors,train
751,Parents should not allow young people to live at home again after graduating,train
876,Visitors to museums should be “encouraged” to pay a voluntary entrance fee,train
185,Every child should have a mobile phone.,train
665,International students are charged unfairly high tuition fees at UK universities,train
239,Recognise Kosovo as an independent state,train
34,Smoking in public spaces should be banned,dev
341,France is right to intervene in Mali,test
40,India’s Ban on the Satanic Verses is justified,train
972,Water Should Be Owned And Supplied By The State,test
179,(as a Christian Church) allow the ordination of gay and lesbian priests,train
263,The War in Iraq was Worth the Cost,train
376,Social disgust is legitimate grounds for restriction of artistic expression,train
622,Hillary Clinton would make a better president for America,test
223,Does campaign finance in the United States need to be fixed?,test
459,New York City has the right to regulate the size of sodas bought on the market,train
198,Google shouldn’t censor its search results in China,train
471,"African nations should ban the sale of skin whitening creams, and similar products",train
141,Online gambling has to be banned,test
210,We must hold a referendum on UK membership in the EU,train
832,The United States is justified in using private military firms abroad to pursue its military objectives,train
761,Atheist countries are more benevolent,test
835,Co2 Does Not Cause Global Warming,dev
840,The ‘war on terror’ is winnable,train
752,A Ban on Shark Fin Soup Is Necessary to Protect the Shark from Extinction,test
778,Governments Should Put Wealth Redistribution Ahead Of Wealth Creation,test
79,South Ossetia should be independent,train
529,Show the darker side of the formation of the nation,test
720,It is selfish to have more than two children,train
820,"Use of goal line technology in football is overdue, and can only lead to benefits.",test
533,Western universities should only place satellites in states that respect free speech,train
170,Religion does more harm than good,train
372,The ICC should have its own enforcement arm,test
194,I believe in manned space flight,dev
71,The 2022 Football World Cup must be moved to the winter,test
719,"G20 protests – at best a waste of time, at worst a dangerous disruption",train
837,Cars Should Be Banned From City Centres,dev
370,The United States should ban assault weapons,train
670,The teaching of Shakespeare should be compulsory,train
137,I believe in the Right to be forgotten,train
118,Homosexuals should be able to adopt,train
277,The West should invade Syria,train
779,physical fitness is better than mental fitness,test
904,The threat of Climate Change is exaggerated,test
472,Women are the key to Africa’s economic future,train
926,The agreement between Russia and Great Britain in 1907 was inevitable,test
94,The right to asylum should not be absolute,test
464,Allow pharmaceutical companies to advertise directly to consumers,dev
687,Unilateral nuclear disarmament is the best way to create a safer world,train
712,Improving access to contraception will lower the number of teenage pregnancies,train
246,The northern Ireland would be better off if united with the Republic of Ireland,test
735,It should be compulsory for all mothers to breastfeed for the first six months of their babies lives,dev
174,The Church of England should be separated from the British state.,train
269,"We must be a libertarian; right or left, right or wrong",test
831,The Private Education System Should Be Abolished,dev
603,Sanctuary cities are beneficial,train
708,Swearing should be illegal,train
453,Promote safe sex through education at schools,dev
858,Remotely Controlled Weapons Systems Should Not Be Used In Combat,train
750,Books will be replaced at some point,train
869,Children Should Have The Right To Vote In Elections,train
489,Julian Assange is a journalist,dev
328,The African Union can meet its pledge to end all war on the continent by 2020,train
424,Israel should return to its pre-1967 borders,test
501,Abolish standardized tests for University Admission,dev
73,Positive discrimination must be used to put more women in parliament,dev
105,Security profiling at airports is justified,test
183,German prosecutors should investigate NSA surveillance of Angela Merkel,test
619,Women should be allowed on the front line,train
57,English has to become the official language of the United States,train
915,There is life on other planets,test
261,We must support the Scottish Independence,test
336,Individuals who have committed atrocities in the Syrian Civil War should be investigated by the ICC,train
992,We should prize freedom over security and abolish anti-terrorism legislation,train
581,People should become vegetarian,train
468,A fat tax should be implemented.,train
178,"Remove the words ""under God"" from the American Pledge of Allegiance",train
983,It does matter where you go to university or college,test
139,Western companies have to incentivised to build software that provides anonymity to those involved in uprisings,dev
844,Physical Chastisement of Children Should Be Illegal,dev
31,A common EU foreign policy should be favored,train
848,The USA Legal Drinking Age Should Be Lowered to 18 From 21,train
713,Too much importance is placed upon correct spelling and grammar,train
999,Leaders of countries that use extra-territorial rendition should be tried for war crimes,train
332,The Egyptian army was right to depose Morsi,train
510,Parents should be held responsible for their school-going children's discipline problems,dev
153,Internet service providers should be allowed to block access to extremist websites,train
966,Music that glorifies violence against women should be banned,train
272,Russia needs strong leadership,train
849,There Should be an English Parliament,test
313,Suicide should be a criminal offence,train
890,Online education does more good than harm,dev
669,Music should be free for all,test
482,The lack of investment in teachers is the greatest barrier to achieving universal primary education,dev
498,The payment of welfare benefits to parents should be tied to their children's school attendance records,train
465,Employees Should Be Compelled To Disclose Their HIV Status to Employers,train
923,Minors Should Be Able to Obtain Abortions Without Parental Consent,train
172,Belief in God is irrational,train
55,Danish newspapers should not have published cartoons depicting the Prophet Mohammed,test
456,A “fat tax” should be introduced.,train
159,The government of Uganda has failed its citizens over LGBT rights,dev
404,We should support the creation of a Free Trade Area of the Americas,train
902,The Illegality Of Recreational Drugs Does More Harm Than Good,test
479,Implent the Virtual Doctor Project in Zambia,train
434,We should drop the sanctions against Cuba.,test
617,Use and Misuse of Internet,test
54,The sale of violent video games/censor violent video games should be illegal,train
337,European Parliament elections should involve only one voting district: all of Europe and not separate country seats,train
44,The BBC should be free to blaspheme,train
181,Tanzania’s taxation on mobile phones is a good model,test
274,Terrorists Should Be Subject to the Geneva Conventions,train
157,Forced evictions are necessary for African cities to become global players.,train
1000,Public health concerns justify compulsory immunization,dev
595,Cell phone radiation is safe,dev
126,Countries with very harsh training methods from participating in international competitions should be banned.,train
874,Space should not be used for military purposes,train
695,Money Is the Root of All Evil,train
364,Post conflict peace cannot be sustained without impartial justice,train
855,Plastic Bags should be banned,test
995,Heavy drinkers should be denied liver transplants,train
830,University Fees Should Be Scrapped,dev
290,We should support enforcing term limits on the executive branch of government,test
586,Students should have to wear school uniforms,train
135,Indiscriminate NSA surveillance of the rest of the world hurts the United States,train
324,Launching a military coup against a democratic government can be justified,test
52,There should be a legally mandated ceiling on weekly working hours,train
342,"The world has to intervene in Syria to prevent, or respond to, the use of chemical weapons",train
264,Bribery is sometimes acceptable,test
238,Opinion polls harm the democratic process,test
775,The welfare system should be replaced with a negative income-tax model,train
425,The world should intervene to prevent the collapse of the state in other countries,train
845,The human genome should be patented,test
415,The US and Israel should join the International Criminal Court,train
389,That Israel’s West Bank Settlements are an Obstacle to Peace,train
60,We must support public service broadcasters,train
955,Gorbachev was a key player in the fall of the Berlin Wall,train
260,Abolish the US Electoral College,test
244,Restrict the right to Habeas Corpus as part of efforts to combat terrorism,train
96,Positive discrimination has to be used to increase diversity in university,train
155,"All literature, art, photography, film and music should be released under Creative Commons licenses",train
808,Television is one of the most effective mediums through which to teach and inspire youngsters,dev
42,We should fear the power of government over the Internet,test
226,"Film stars, music stars and other popular entertainers should not be participating in party-political campaigns",test
570,It is appropriate to build a muslim community center (aka the ''Ground Zero Mosque'') near the World Trade Center site ,dev
892,"the teacher is always right, even when s/he is not.",train
548,Replace aid with remittances,train
994,Poorer Countries Should Abandon Free Trade Agreements,train
941,Romeo and Juliet is unsuccessful as a tragedy,test
826,Stop the Olympic Games,test
76,Illegal immigrants must be given drivers licenses,train
799,Religious education Should be a part of the School curriculum,train
233,The Dalai Lama’s ‘third way’ in Tibet,test
812,Chocolate is good for you,dev
316,Assisted suicide should be legalized,train
715,Does Mother Nature rule the world,train
566,Any vaccines should be required for children,train
932,In a democracy all votes should be equal.,train
107,Hate crime 'enhancements' are unjust,dev
787,The UK is truly a democracy,train
444,"As the developed world, we must fund African climate adaptation",train
900,Valentines Day is just a Hallmark ploy,dev
111,It is be ok to use racial profiling as part of airport security checks,train
685,Reality TV has gone too far,train
32,The United Nations Security Council should be expanded,test
228,We must let Catalan hold an independence referendum,train
828,Governments Should Try To Reduce The Gap Between Their Richest And Poorest Citizens,train
809,DNA testing is worth the money,train
905,The EU does have a future,test
242,Grant politicians immunity from prosecution,test
119,All illegal immigrants must be repatriated,test
528,Allow biased versions of history to be taught in schools,train
517,We should not slaughter animals which have not been stunned first.,test
836,The Minimum Driving Age Should Be Raised to 18,train
273,Abolish congressional earmarks,test
63,Newspapers belong to the past,train
319,UK would have more influence outside the EU,train
577,Lowering the federal corporate income tax rate does create jobs,train
204,We must enable free movement of labour across Africa to alleviate poverty disparities.,train
25,The Catholic Church is justified in forbidding the use of barrier methods of contraception,dev
281,There is a need for developing tactical nuclear weapons,train
640,Examinations are a fair way of testing our knowledge,dev
371,We should pull out of the Article 98 Agreements that prevent US soldiers from being sent to the ICC for trial,test
231,Greece should default on its debt and return to the Drachma,train
409,Dictatorship is the best path to development,test
152,The state should provide broadband internet through nationalized companies,train
368,Immunity for head of state is a good idea,train
674,The Death Penalty Should Be Imposed For Acts Of Terror That Cause Death,train
270,The US is Justified in Using Force to Prevent States From Acquiring Nuclear Weapons,test
692,There should be video replays for refs in football,train
503,Raise the school leaving age to 18,train
737,Slang prevent young people from being able to communicate properly,train
265,We must extend NATO membership to Georgia and Ukraine,train
600,Net neutrality should be restored,train
938,"Obese people, in countries with a national health service, should face higher taxes",dev
633,States ought not possess nuclear weapons,train
967,Foreign workers should be given the right to vote in local elections where they work,train
282,Abolish nuclear weapons,train
381,We should ban the depiction of smoking in films,train
386,The US should have done more for Darfur,train
733,Wind farms are a good solution to the energy crisis,train
418,The European Union should be a trade bloc rather than a political union,train
266,We must invade and forcibly reunify the Korean peninsula,train
554,Any society must have a national minimum wage,train
429,Europe still needs a constitution,train
28,"Democracy has to be imposed, if needed",test
124,Playoffs must be implemented in collegiate level american football,train
667,All evidence gathered by intelligence agencies should be admissible in courts of law,train
284,Britain should join the Euro currency,train
348,Mandatory sentencing is fine.,test
893,Experience is the key success for entrepreneurship.,dev
224,Should the United States scale back the War on Drugs?,test
610,Corporal punishment be used in K-12 schools.,train
104,The USA's social security schemes should be privatized,train
867,People on job seekers allowance who refuse a job should lose their benefits,train
863,All third world debt should be dropped,train
642,People should lose their jobs for saying the wrong thing,train
744,The glass ceiling for women still exists,train
440,You should always suspend directly delivered foreign development aid,train
991,Democracies should ban the display of communist and Nazi symbols,test
716,We should ban the church of scientology,train
100,Nations of the world should increase protection of the economic and social rights of migrants,test
165,The new technologies will make entrepreneurs of Africa’s youth,train
439,"In the conflict between Israel and Palestine, a two-state solution is better justified than a one-state solution",train
975,A Doping Cheat’s Entire Olympic Team Should Be Stripped Of Their Medals,train
451,The outcome of the Paris Climate Conference needs to be an international treaty with binding emission cuts,test
213,The House of Lords should be reformed,test
66,Access to the websites that deny the Holocaust must be blocked,train
217,We must disband NATO,train
978,Co-Educational Schools Should Be Supported,dev
120,Racial quotas must be set in South African rugby,train
881,Russia is a land of democracy (not autocracy),train
631,Civil Disobedience Can Be Justified,train
293,Allow voting at 16 in European Parliament elections,train
954,Lady Macbeth is the real driving force behind King Duncan’s murder in Shakespeare’s Macbeth,train
998,Same-Sex Marriage Should Be Legal,train
417,All veto powers of individual EU member states must be lifted,train
15,"A new global body, the United Nations Committee for Internet Related Policies, take over internet governance.",train
349,Hold students legally responsible for bullying if it resulted in the victim's death,train
590,The United States return to a gold standard,train
384,War criminals should be prosecuted,train
300,Death penalty is justified,train
101,Children in developing countries should be sponsored,train
85,The EU should offer asylum to women from countries which have legislation that discriminates against women,train
565,Abortion should be legal,train
347,We should legalize drugs,train
620,Genetics is a defence to murder,train
806,Wikileaks is a threat to national security,train
918,The Police Should Use Racial Profiling To Tackle The Problems Of Illegal Immigration.,train
308,Capital punishment should be abolished in Africa,train
919,The UN Human Rights Council should be abolished,train
276,There must be a single European Union army,train
774,We should be trying to avoid contact with aliens.,dev
538,Defending the enemies of one's nation is legitimate free speech,train
340,NATO has succeeded in Afghanistan,test
211,The Arab Spring revolutions can create stable democracies.,train
289,Create a UN standing army,train
675,Housewives Are More Responsible Mothers Than Working Women,train
518,Cease the exploitation of the Arctic Region,dev
353,Criminal justice should focus more on rehabilitation,dev
106,Cohabiting couples who wish to end their relationships should be allowed to request that the courts supervise the division of their property,train
507,Poetry should not be taught in schools,train
109,Partial birth abortions should be banned,train
460,We must ban the promotion of diets,train
494,A cap-and-trade system is preferable to a carbon tax in reducing carbon emissions,train
280,There must be referendums held on any new EU treaty,train
846,Britain should adopt Sharia law,train
749,Winning the Champions League Is Better Than Winning the Premier League,test
187,We must legalize the use of cell phones in cars,train
3,Trade is better than aid,train
2,Celebrities should be exempt from National Service (in South Korea),train
567,Social Security should be privatized ,train
697,Illegal downloaders should be cut off from the internet,test
10,It is important to use a graduated response to combat unauthorised file-sharing of copyrighted material,train
569,The D.A.R.E. program is good for America's kids (K-12) ,dev
11,Internet access is a human right,train
1004,Net Neutrality – All Internet Traffic Should Be Treated Equally,dev
